,0
0,"Unavailable
Selena Gomez
Lose You To Love Me (Demo Version)
Posted 9 months ago
9 months ago
Not available in India
3,968
167
Share
More
130,666 plays
130K
View all comments
197
Unavailable
Selena Gomez
Rare (Live From The Village Studio)
Posted 1 year ago
1 year ago
2,249
150
Share
More
77,621 plays
77.6K
View all comments
90
Unavailable
Selena Gomez
Rare (Alexander 23 Edit)
Posted 1 year ago
1 year ago
938
53
Share
More
46,034 plays
46K
View all comments
28
Unavailable
Selena Gomez
Back To You (Riton & Kah-Lo Remix)
Posted 2 years ago
2 years ago
3,268
214
Share
More
184,107 plays
184K
View all comments
73
Unavailable
Selena Gomez
Wolves - Remixes
Posted 3 years ago
3 years ago
1
Wolves (Sneek Remix)
Not available in India
2
Wolves (MOTi Remix)
Not available in India
3
Wolves (Rusko Remix)
Not available in India
4
Wolves (Owen Norton Remix)
Not available in India
5
Wolves (Said The Sky Remix)
Not available in India
View 6 tracks
1,756
203
Share
Unavailable
Selena Gomez
Wolves (MOTi Remix)
Posted 3 years ago
3 years ago
1,263
67
Share
More
65,395 plays
65.3K
View all comments
20
Unavailable
Selena Gomez
Wolves (Sneek Remix)
Posted 3 years ago
3 years ago
3,898
367
Share
More
198,080 plays
198K
View all comments
78
Unavailable
Selena Gomez
Wolves (Rusko Remix)
Posted 3 years ago
3 years ago
504
38
Share
More
36,632 plays
36.6K
View all comments
9
Unavailable
Selena Gomez
Wolves (Owen Norton Remix)
Posted 3 years ago
3 years ago
733
58
Share
More
46,904 plays
46.9K
View all comments
13
Unavailable
Selena Gomez
Wolves (Total Ape Remix)
Posted 3 years ago
3 years ago
522
52
Share
More
35,115 plays
35.1K
View all comments
11
Unavailable
Selena Gomez
Wolves
Posted 3 years ago
3 years ago
164K
7,137
Share
More
11,825,894 plays
11.8M
View all comments
4,583
Play
Galantis Selena Gomez
Selena Gomez - Fetish feat. Gucci Mane (Galantis Remix)
Reposted 3 years ago
3 years ago
86.9K
5,141
Share
More
4,709,769 plays
4.7M
View all comments
504
Unavailable
CASHMERE CAT Selena Gomez
Trust Nobody (feat. Selena Gomez & Tory Lanez)
Reposted 4 years ago
4 years ago
83.1K
13.5K
Share
More
4,125,752 plays
4.12M
View all comments
731
Unavailable
Selena Gomez
Kill Em With Kindness (Remixes) EP · 2016
Posted 5 years ago
5 years ago
1
Kill Em With Kindness (Felix Cartal Remix)
Not available in India
2
Kill Em With Kindness (Young Bombs Remix)
Not available in India
3
Kill Em With Kindness (River Tiber Remix)
Not available in India
1,899
236
Share
Unavailable
Selena Gomez
Kill Em With Kindness (Felix Cartal Remix)
Posted 5 years ago
5 years ago
16.3K
1,815
Share
More
969,047 plays
969K
View all comments
151
Unavailable
Selena Gomez
Kill Em With Kindness (Young Bombs Remix)
Posted 5 years ago
5 years ago
5,515
596
Share
More
347,177 plays
347K
View all comments
50
Unavailable
Selena Gomez
Kill Em With Kindness (River Tiber Remix)
Posted 5 years ago
5 years ago
2,904
406
Share
More
169,648 plays
169K
View all comments
19
Unavailable
Selena Gomez
Hands To Myself (Remixes) EP · 2016
Posted 5 years ago
5 years ago
1
Hands To Myself (Betablock3r Remix)
Not available in India
2
Hands To Myself (Fareoh Remix)
Not available in India
3
Hands To Myself (KANDY Remix)
Not available in India
2,175
270
Share
Buy Now!
Unavailable
Selena Gomez
Revival Album · 2015
Posted 5 years ago
5 years ago
1
Revival
Not available in India
2
Kill Em With Kindness
Not available in India
3
Hands To Myself
Not available in India
4
Same Old Love
Not available in India
5
Sober
Not available in India
View 14 tracks
4,190
505
Share
BUY NOW!"
